,Quarter,State,Total_Crashes,Num_Injured,Num_Killed,Total_Vehicles_Involved,SPV,DAD,PWR,FTQ,Other_Factors,Year,Casualty_count,Fatality_rate,Vehicle_crash_ratio
0,Q4 2020,Abia,30,146,31,37,19,0,0,0,18,2020,177,1.0333333333333334,1.2333333333333334
1,Q4 2020,Adamawa,77,234,36,94,57,0,0,0,37,2020,270,0.4675324675324675,1.2207792207792207
2,Q4 2020,Akwa Ibom,22,28,7,24,15,0,0,1,8,2020,35,0.3181818181818182,1.0909090909090908
3,Q4 2020,Anambra,72,152,20,83,43,1,0,0,39,2020,172,0.2777777777777778,1.1527777777777777
4,Q4 2020,Bauchi,154,685,90,140,74,0,0,0,66,2020,775,0.5844155844155844,0.9090909090909091
5,Q4 2020,Bayelsa,1,3,0,1,1,0,0,0,0,2020,3,0.0,1.0
6,Q4 2020,Benue,77,177,25,81,81,0,0,0,0,2020,202,0.3246753246753247,1.051948051948052
7,Q4 2020,Borno,25,67,16,18,11,0,0,0,7,2020,83,0.64,0.72
8,Q4 2020,Cross River,33,65,11,39,23,0,0,0,16,2020,76,0.3333333333333333,1.1818181818181819
9,Q4 2020,Delta,67,182,36,111,70,0,0,0,41,2020,218,0.5373134328358209,1.6567164179104477
10,Q4 2020,Ebonyi,27,82,11,29,9,0,0,0,20,2020,93,0.4074074074074074,1.0740740740740742
11,Q4 2020,Edo,55,118,32,102,77,0,0,0,25,2020,150,0.5818181818181818,1.8545454545454545
12,Q4 2020,Ekiti,30,71,9,46,23,1,0,0,22,2020,80,0.3,1.5333333333333334
13,Q4 2020,Enugu,44,116,30,48,10,0,0,0,38,2020,146,0.6818181818181818,1.0909090909090908
14,Q4 2020,Fct,312,572,90,480,284,1,0,2,193,2020,662,0.28846153846153844,1.5384615384615385
15,Q4 2020,Gombe,70,231,26,84,59,0,0,0,25,2020,257,0.37142857142857144,1.2
16,Q4 2020,Imo,31,91,15,24,11,0,0,0,13,2020,106,0.4838709677419355,0.7741935483870968
17,Q4 2020,Jigawa,92,318,64,177,118,0,0,0,59,2020,382,0.6956521739130435,1.923913043478261
18,Q4 2020,Kaduna,281,1010,224,363,194,0,0,0,169,2020,1234,0.797153024911032,1.291814946619217
19,Q4 2020,Kano,102,499,194,130,90,0,0,2,38,2020,693,1.9019607843137254,1.2745098039215685
20,Q4 2020,Katsina,77,277,39,107,80,0,0,0,27,2020,316,0.5064935064935064,1.3896103896103895
21,Q4 2020,Kebbi,58,222,56,64,45,0,0,0,19,2020,278,0.9655172413793104,1.103448275862069
22,Q4 2020,Kogi,122,335,55,178,91,1,0,1,85,2020,390,0.45081967213114754,1.459016393442623
23,Q4 2020,Kwara,102,313,60,163,105,0,0,0,58,2020,373,0.5882352941176471,1.5980392156862746
24,Q4 2020,Lagos,113,181,21,114,46,1,0,3,64,2020,202,0.18584070796460178,1.008849557522124
25,Q4 2020,Nasarawa,200,513,65,271,114,0,0,0,157,2020,578,0.325,1.355
26,Q4 2020,Niger,110,347,91,126,102,0,0,0,24,2020,438,0.8272727272727273,1.1454545454545455
27,Q4 2020,Ogun,279,548,83,377,254,0,0,0,123,2020,631,0.2974910394265233,1.3512544802867383
28,Q4 2020,Ondo,114,320,84,155,107,0,0,1,47,2020,404,0.7368421052631579,1.3596491228070176
29,Q4 2020,Osun,109,292,52,143,93,0,0,0,50,2020,344,0.47706422018348627,1.311926605504587
30,Q4 2020,Oyo,155,385,68,209,128,0,0,4,77,2020,453,0.43870967741935485,1.3483870967741935
31,Q4 2020,Plateau,45,123,17,48,18,2,0,0,28,2020,140,0.37777777777777777,1.0666666666666667
32,Q4 2020,Rivers,25,77,6,29,19,0,0,0,10,2020,83,0.24,1.16
33,Q4 2020,Sokoto,32,138,47,60,49,0,0,0,11,2020,185,1.46875,1.875
34,Q4 2020,Taraba,59,149,7,92,57,0,0,0,35,2020,156,0.11864406779661017,1.5593220338983051
35,Q4 2020,Yobe,56,383,60,53,28,0,0,0,25,2020,443,1.0714285714285714,0.9464285714285714
36,Q4 2020,Zamfara,55,252,40,72,40,0,0,0,32,2020,292,0.7272727272727273,1.309090909090909
37,Q1 2021,Abia,44,119,35,36,7,0,0,0,29,2021,154,0.7954545454545454,0.8181818181818182
38,Q1 2021,Adamawa,84,251,21,110,60,0,0,0,50,2021,272,0.25,1.3095238095238095
39,Q1 2021,Akwa Ibom,22,35,12,24,15,0,0,0,9,2021,47,0.5454545454545454,1.0909090909090908
40,Q1 2021,Anambra,80,147,9,109,59,0,0,0,50,2021,156,0.1125,1.3625
41,Q1 2021,Bauchi,131,634,115,153,77,0,0,0,76,2021,749,0.8778625954198473,1.16793893129771
42,Q1 2021,Bayelsa,7,15,0,9,7,0,1,0,1,2021,15,0.0,1.2857142857142858
43,Q1 2021,Benue,52,123,15,54,46,0,0,0,8,2021,138,0.28846153846153844,1.0384615384615385
44,Q1 2021,Borno,31,78,24,46,31,0,0,0,15,2021,102,0.7741935483870968,1.4838709677419355
45,Q1 2021,Cross River,25,50,30,31,17,0,0,0,14,2021,80,1.2,1.24
46,Q1 2021,Delta,71,196,51,108,68,0,0,0,40,2021,247,0.7183098591549296,1.5211267605633803
47,Q1 2021,Ebonyi,31,121,27,32,13,0,0,0,19,2021,148,0.8709677419354839,1.032258064516129
48,Q1 2021,Edo,56,140,51,89,68,0,0,0,21,2021,191,0.9107142857142857,1.5892857142857142
49,Q1 2021,Ekiti,31,101,13,41,29,1,0,0,11,2021,114,0.41935483870967744,1.3225806451612903
50,Q1 2021,Enugu,66,222,37,75,3,0,0,0,72,2021,259,0.5606060606060606,1.1363636363636365
51,Q1 2021,Fct,278,518,56,400,158,1,0,0,241,2021,574,0.2014388489208633,1.4388489208633093
52,Q1 2021,Gombe,72,232,31,82,33,0,0,0,49,2021,263,0.4305555555555556,1.1388888888888888
53,Q1 2021,Imo,16,71,17,16,5,0,0,0,11,2021,88,1.0625,1.0
54,Q1 2021,Jigawa,67,264,35,132,82,0,0,1,49,2021,299,0.5223880597014925,1.9701492537313432
55,Q1 2021,Kaduna,256,1149,196,368,211,0,0,7,150,2021,1345,0.765625,1.4375
56,Q1 2021,Kano,137,604,100,184,110,0,0,3,71,2021,704,0.7299270072992701,1.3430656934306568
57,Q1 2021,Katsina,71,287,29,93,74,0,0,0,19,2021,316,0.4084507042253521,1.3098591549295775
58,Q1 2021,Kebbi,44,139,21,47,38,0,0,0,9,2021,160,0.4772727272727273,1.0681818181818181
59,Q1 2021,Kogi,143,425,94,216,105,1,0,0,110,2021,519,0.6573426573426573,1.5104895104895104
60,Q1 2021,Kwara,100,369,69,163,91,0,0,0,72,2021,438,0.69,1.63
61,Q1 2021,Lagos,151,243,26,152,85,0,0,2,65,2021,269,0.17218543046357615,1.0066225165562914
62,Q1 2021,Nasarawa,176,452,77,218,75,1,0,1,141,2021,529,0.4375,1.2386363636363635
63,Q1 2021,Niger,108,492,93,171,128,0,0,2,41,2021,585,0.8611111111111112,1.5833333333333333
64,Q1 2021,Ogun,299,670,82,407,270,0,0,0,137,2021,752,0.27424749163879597,1.3612040133779264
65,Q1 2021,Ondo,115,290,43,152,96,0,0,2,54,2021,333,0.3739130434782609,1.3217391304347825
66,Q1 2021,Osun,105,317,43,132,78,0,0,3,51,2021,360,0.4095238095238095,1.2571428571428571
67,Q1 2021,Oyo,176,399,103,222,129,0,2,1,90,2021,502,0.5852272727272727,1.2613636363636365
68,Q1 2021,Plateau,48,130,15,51,15,0,0,0,36,2021,145,0.3125,1.0625
69,Q1 2021,Rivers,21,54,4,22,12,0,0,0,10,2021,58,0.19047619047619047,1.0476190476190477
70,Q1 2021,Sokoto,37,119,33,57,46,0,0,0,11,2021,152,0.8918918918918919,1.5405405405405406
71,Q1 2021,Taraba,67,213,12,104,31,0,0,0,73,2021,225,0.1791044776119403,1.5522388059701493
72,Q1 2021,Yobe,42,235,35,51,28,0,0,0,23,2021,270,0.8333333333333334,1.2142857142857142
73,Q1 2021,Zamfara,41,153,14,47,29,0,0,0,18,2021,167,0.34146341463414637,1.146341463414634
74,Q2 2021,Abia,21,69,19,32,20,0,0,0,12,2021,88,0.9047619047619048,1.5238095238095237
75,Q2 2021,Adamawa,90,280,21,107,70,0,0,0,37,2021,301,0.23333333333333334,1.1888888888888889
76,Q2 2021,Akwa Ibom,16,32,10,17,10,0,0,0,7,2021,42,0.625,1.0625
77,Q2 2021,Anambra,66,138,18,100,37,0,0,0,63,2021,156,0.2727272727272727,1.5151515151515151
78,Q2 2021,Bauchi,105,418,46,112,55,0,0,0,57,2021,464,0.4380952380952381,1.0666666666666667
79,Q2 2021,Bayelsa,10,19,3,10,5,0,0,0,5,2021,22,0.3,1.0
80,Q2 2021,Benue,69,170,19,69,63,0,0,0,6,2021,189,0.2753623188405797,1.0
81,Q2 2021,Borno,17,65,4,24,7,0,0,0,17,2021,69,0.23529411764705882,1.411764705882353
82,Q2 2021,Cross River,29,74,5,34,17,0,0,0,17,2021,79,0.1724137931034483,1.1724137931034482
83,Q2 2021,Delta,41,136,16,72,46,0,0,0,26,2021,152,0.3902439024390244,1.7560975609756098
84,Q2 2021,Ebonyi,29,82,15,35,20,0,0,0,15,2021,97,0.5172413793103449,1.206896551724138
85,Q2 2021,Edo,58,154,34,81,61,0,0,0,20,2021,188,0.5862068965517241,1.396551724137931
86,Q2 2021,Ekiti,41,98,20,60,39,0,0,0,21,2021,118,0.4878048780487805,1.4634146341463414
87,Q2 2021,Enugu,66,157,22,78,8,0,0,0,70,2021,179,0.3333333333333333,1.1818181818181819
88,Q2 2021,Fct,252,483,37,356,135,2,0,0,219,2021,520,0.14682539682539683,1.4126984126984128
89,Q2 2021,Gombe,93,239,28,107,40,0,0,0,67,2021,267,0.3010752688172043,1.1505376344086022
90,Q2 2021,Imo,23,64,14,24,6,0,0,0,18,2021,78,0.6086956521739131,1.0434782608695652
91,Q2 2021,Jigawa,63,370,46,120,74,0,0,1,45,2021,416,0.7301587301587301,1.9047619047619047
92,Q2 2021,Kaduna,222,837,217,299,179,0,0,5,115,2021,1054,0.9774774774774775,1.3468468468468469
93,Q2 2021,Kano,70,286,57,87,56,0,0,0,31,2021,343,0.8142857142857143,1.2428571428571429
94,Q2 2021,Katsina,39,148,40,58,40,0,0,0,18,2021,188,1.0256410256410255,1.4871794871794872
95,Q2 2021,Kebbi,53,130,4,55,41,1,0,0,13,2021,134,0.07547169811320754,1.0377358490566038
96,Q2 2021,Kogi,97,246,25,139,56,0,0,0,83,2021,271,0.25773195876288657,1.4329896907216495
97,Q2 2021,Kwara,108,368,80,144,64,2,0,0,78,2021,448,0.7407407407407407,1.3333333333333333
98,Q2 2021,Lagos,145,266,47,146,75,0,0,3,68,2021,313,0.32413793103448274,1.006896551724138
99,Q2 2021,Nasarawa,242,600,53,286,107,2,0,0,177,2021,653,0.2190082644628099,1.1818181818181819
100,Q2 2021,Niger,148,516,103,194,114,0,0,18,62,2021,619,0.6959459459459459,1.3108108108108107
101,Q2 2021,Ogun,337,637,121,343,293,1,0,0,49,2021,758,0.3590504451038576,1.0178041543026706
102,Q2 2021,Ondo,114,299,47,148,90,2,0,1,55,2021,346,0.41228070175438597,1.2982456140350878
103,Q2 2021,Osun,87,250,52,112,61,0,0,3,48,2021,302,0.5977011494252874,1.2873563218390804
104,Q2 2021,Oyo,152,400,85,181,107,0,0,5,69,2021,485,0.5592105263157895,1.1907894736842106
105,Q2 2021,Plateau,99,283,23,104,31,0,0,0,73,2021,306,0.23232323232323232,1.0505050505050506
106,Q2 2021,Rivers,26,65,6,29,13,0,0,0,16,2021,71,0.23076923076923078,1.1153846153846154
107,Q2 2021,Sokoto,23,87,37,39,35,0,0,0,4,2021,124,1.608695652173913,1.6956521739130435
108,Q2 2021,Taraba,56,171,12,77,28,0,0,0,49,2021,183,0.21428571428571427,1.375
109,Q2 2021,Yobe,32,168,17,47,24,0,0,0,23,2021,185,0.53125,1.46875
110,Q2 2021,Zamfara,46,213,50,57,35,0,0,0,22,2021,263,1.0869565217391304,1.2391304347826086
111,Q3 2021,Abia,20,62,11,24,1,0,0,4,19,2021,73,0.55,1.2
112,Q3 2021,Adamawa,80,208,26,95,0,0,0,66,29,2021,234,0.325,1.1875
113,Q3 2021,Akwa Ibom,13,18,1,15,0,0,0,11,4,2021,19,0.07692307692307693,1.1538461538461537
114,Q3 2021,Anambra,62,142,17,146,3,0,0,20,123,2021,159,0.27419354838709675,2.3548387096774195
115,Q3 2021,Bauchi,130,627,79,127,0,1,0,69,57,2021,706,0.6076923076923076,0.9769230769230769
116,Q3 2021,Bayelsa,19,23,8,22,0,0,1,16,5,2021,31,0.42105263157894735,1.1578947368421053
117,Q3 2021,Benue,53,159,18,53,1,0,0,37,15,2021,177,0.33962264150943394,1.0
118,Q3 2021,Borno,17,110,3,16,0,0,0,9,7,2021,113,0.17647058823529413,0.9411764705882353
119,Q3 2021,Cross River,37,144,15,40,0,0,1,24,15,2021,159,0.40540540540540543,1.0810810810810811
120,Q3 2021,Delta,45,122,23,66,0,0,0,30,36,2021,145,0.5111111111111111,1.4666666666666666
121,Q3 2021,Ebonyi,34,100,18,35,0,0,0,19,16,2021,118,0.5294117647058824,1.0294117647058822
122,Q3 2021,Edo,66,158,33,98,0,0,0,68,30,2021,191,0.5,1.4848484848484849
123,Q3 2021,Ekiti,44,127,10,60,1,0,0,30,29,2021,137,0.22727272727272727,1.3636363636363635
124,Q3 2021,Enugu,97,270,28,100,0,0,0,45,55,2021,298,0.28865979381443296,1.0309278350515463
125,Q3 2021,Fct,307,562,57,436,0,0,2,260,174,2021,619,0.18566775244299674,1.4201954397394136
126,Q3 2021,Gombe,73,218,13,83,1,0,0,38,44,2021,231,0.1780821917808219,1.1369863013698631
127,Q3 2021,Imo,27,85,16,27,1,0,0,10,16,2021,101,0.5925925925925926,1.0
128,Q3 2021,Jigawa,94,312,65,137,0,2,0,89,46,2021,377,0.6914893617021277,1.4574468085106382
129,Q3 2021,Kaduna,174,684,144,201,0,0,1,118,82,2021,828,0.8275862068965517,1.1551724137931034
130,Q3 2021,Kano,32,131,53,33,0,0,0,16,17,2021,184,1.65625,1.03125
131,Q3 2021,Katsina,18,98,33,27,0,0,0,21,6,2021,131,1.8333333333333333,1.5
132,Q3 2021,Kebbi,54,159,59,58,0,0,1,41,16,2021,218,1.0925925925925926,1.0740740740740742
133,Q3 2021,Kogi,95,280,42,137,0,0,1,72,64,2021,322,0.4421052631578947,1.4421052631578948
134,Q3 2021,Kwara,78,255,21,108,0,0,0,65,43,2021,276,0.2692307692307692,1.3846153846153846
135,Q3 2021,Lagos,141,233,41,144,0,1,2,71,70,2021,274,0.2907801418439716,1.0212765957446808
136,Q3 2021,Nasarawa,212,535,33,265,0,0,0,126,139,2021,568,0.15566037735849056,1.25
137,Q3 2021,Niger,219,577,150,273,0,0,25,162,86,2021,727,0.684931506849315,1.2465753424657535
138,Q3 2021,Ogun,299,618,98,312,2,0,0,253,57,2021,716,0.3277591973244147,1.0434782608695652
139,Q3 2021,Ondo,96,251,51,113,0,0,0,72,41,2021,302,0.53125,1.1770833333333333
140,Q3 2021,Osun,105,324,82,134,0,0,0,78,56,2021,406,0.780952380952381,1.276190476190476
141,Q3 2021,Oyo,137,344,58,159,0,0,4,88,67,2021,402,0.4233576642335766,1.1605839416058394
142,Q3 2021,Plateau,77,249,25,77,0,0,0,23,54,2021,274,0.3246753246753247,1.0
143,Q3 2021,Rivers,31,88,23,36,0,0,0,16,20,2021,111,0.7419354838709677,1.1612903225806452
144,Q3 2021,Sokoto,27,78,15,34,0,0,0,26,8,2021,93,0.5555555555555556,1.2592592592592593
145,Q3 2021,Taraba,45,128,3,66,0,0,0,18,48,2021,131,0.06666666666666667,1.4666666666666666
146,Q3 2021,Yobe,55,292,41,66,0,0,0,33,33,2021,333,0.7454545454545455,1.2
147,Q3 2021,Zamfara,21,56,19,21,0,0,0,9,12,2021,75,0.9047619047619048,1.0
148,Q4 2021,Abia,21,57,3,27,0,0,2,8,17,2021,60,0.14285714285714285,1.2857142857142858
149,Q4 2021,Adamawa,76,191,25,92,0,0,0,62,30,2021,216,0.32894736842105265,1.2105263157894737
150,Q4 2021,Akwa Ibom,22,39,10,23,0,0,0,12,11,2021,49,0.45454545454545453,1.0454545454545454
151,Q4 2021,Anambra,59,156,45,64,1,0,1,24,38,2021,201,0.7627118644067796,1.0847457627118644
152,Q4 2021,Bauchi,217,882,156,247,0,0,1,124,122,2021,1038,0.7188940092165899,1.1382488479262673
153,Q4 2021,Bayelsa,12,37,24,19,0,0,0,16,3,2021,61,2.0,1.5833333333333333
154,Q4 2021,Benue,53,123,9,51,1,0,0,34,16,2021,132,0.16981132075471697,0.9622641509433962
155,Q4 2021,Borno,21,70,5,21,0,0,0,13,8,2021,75,0.23809523809523808,1.0
156,Q4 2021,Cross River,54,133,20,70,0,0,0,48,22,2021,153,0.37037037037037035,1.2962962962962963
157,Q4 2021,Delta,58,172,30,71,0,0,0,29,42,2021,202,0.5172413793103449,1.2241379310344827
158,Q4 2021,Ebonyi,30,87,29,33,0,0,0,16,17,2021,116,0.9666666666666667,1.1
159,Q4 2021,Edo,63,125,40,87,0,0,0,61,26,2021,165,0.6349206349206349,1.380952380952381
160,Q4 2021,Ekiti,27,62,5,38,0,0,0,18,20,2021,67,0.18518518518518517,1.4074074074074074
161,Q4 2021,Enugu,56,134,21,63,0,0,0,24,39,2021,155,0.375,1.125
162,Q4 2021,Fct,280,621,66,328,0,0,0,172,156,2021,687,0.2357142857142857,1.1714285714285715
163,Q4 2021,Gombe,90,256,30,112,0,0,0,44,68,2021,286,0.3333333333333333,1.2444444444444445
164,Q4 2021,Imo,37,130,22,38,0,0,0,20,18,2021,152,0.5945945945945946,1.027027027027027
165,Q4 2021,Jigawa,129,510,62,221,0,0,0,142,79,2021,572,0.4806201550387597,1.7131782945736433
166,Q4 2021,Kaduna,177,691,120,188,0,0,5,121,62,2021,811,0.6779661016949152,1.0621468926553672
167,Q4 2021,Kano,40,190,40,51,0,0,0,30,21,2021,230,1.0,1.275
168,Q4 2021,Katsina,10,38,13,17,0,0,0,11,6,2021,51,1.3,1.7
169,Q4 2021,Kebbi,62,248,28,64,0,0,0,47,17,2021,276,0.45161290322580644,1.032258064516129
170,Q4 2021,Kogi,137,428,68,232,1,0,0,105,126,2021,496,0.49635036496350365,1.6934306569343065
171,Q4 2021,Kwara,108,365,76,136,0,0,0,64,72,2021,441,0.7037037037037037,1.2592592592592593
172,Q4 2021,Lagos,159,262,43,156,2,0,3,84,67,2021,305,0.27044025157232704,0.9811320754716981
173,Q4 2021,Nasarawa,263,686,59,301,3,0,0,92,206,2021,745,0.22433460076045628,1.144486692015209
174,Q4 2021,Niger,180,759,108,225,0,0,3,154,68,2021,867,0.6,1.25
175,Q4 2021,Ogun,286,633,129,299,0,0,0,239,60,2021,762,0.45104895104895104,1.0454545454545454
176,Q4 2021,Ondo,134,247,62,162,0,0,2,95,65,2021,309,0.4626865671641791,1.208955223880597
177,Q4 2021,Osun,107,302,63,134,0,0,0,73,61,2021,365,0.5887850467289719,1.2523364485981308
178,Q4 2021,Oyo,163,494,93,185,1,0,5,101,78,2021,587,0.5705521472392638,1.1349693251533743
179,Q4 2021,Plateau,74,261,34,80,2,0,0,31,47,2021,295,0.4594594594594595,1.0810810810810811
180,Q4 2021,Rivers,27,135,23,37,0,0,0,14,23,2021,158,0.8518518518518519,1.3703703703703705
181,Q4 2021,Sokoto,35,146,25,65,0,0,0,61,4,2021,171,0.7142857142857143,1.8571428571428572
182,Q4 2021,Taraba,70,178,9,78,0,0,0,25,53,2021,187,0.12857142857142856,1.1142857142857143
183,Q4 2021,Yobe,45,188,25,59,0,0,0,29,30,2021,213,0.5555555555555556,1.3111111111111111
184,Q4 2021,Zamfara,25,135,32,32,0,0,0,22,10,2021,167,1.28,1.28
185,Q1 2022,Abia,33,144,13,41,1,0,0,20,20,2022,157,0.3939393939393939,1.2424242424242424
186,Q1 2022,Adamawa,79,245,61,101,0,0,0,75,26,2022,306,0.7721518987341772,1.2784810126582278
187,Q1 2022,Akwa Ibom,16,35,7,16,0,0,0,12,4,2022,42,0.4375,1.0
188,Q1 2022,Anambra,38,103,22,46,0,0,1,24,21,2022,125,0.5789473684210527,1.2105263157894737
189,Q1 2022,Bauchi,140,499,73,165,0,0,0,90,75,2022,572,0.5214285714285715,1.1785714285714286
190,Q1 2022,Bayelsa,23,61,2,35,0,0,0,29,6,2022,63,0.08695652173913043,1.5217391304347827
191,Q1 2022,Benue,74,221,27,80,0,0,0,55,25,2022,248,0.36486486486486486,1.0810810810810811
192,Q1 2022,Borno,25,114,25,26,0,0,0,15,11,2022,139,1.0,1.04
193,Q1 2022,Cross River,21,71,8,23,0,0,0,13,10,2022,79,0.38095238095238093,1.0952380952380953
194,Q1 2022,Delta,81,227,62,106,0,0,0,51,55,2022,289,0.7654320987654321,1.308641975308642
195,Q1 2022,Ebonyi,33,87,22,40,0,0,0,20,20,2022,109,0.6666666666666666,1.2121212121212122
196,Q1 2022,Edo,77,176,54,121,0,0,0,80,41,2022,230,0.7012987012987013,1.5714285714285714
197,Q1 2022,Ekiti,19,35,3,27,0,0,0,19,8,2022,38,0.15789473684210525,1.4210526315789473
198,Q1 2022,Enugu,57,211,38,63,0,0,0,18,45,2022,249,0.6666666666666666,1.105263157894737
199,Q1 2022,Fct,319,467,56,438,2,0,1,240,195,2022,523,0.1755485893416928,1.3730407523510972
200,Q1 2022,Gombe,73,274,16,97,0,0,0,53,44,2022,290,0.2191780821917808,1.3287671232876712
201,Q1 2022,Imo,26,54,17,27,0,0,0,5,22,2022,71,0.6538461538461539,1.0384615384615385
202,Q1 2022,Jigawa,102,417,37,204,0,0,0,168,36,2022,454,0.3627450980392157,2.0
203,Q1 2022,Kaduna,197,887,197,196,0,0,4,110,82,2022,1084,1.0,0.9949238578680203
204,Q1 2022,Kano,92,417,138,124,0,0,1,80,43,2022,555,1.5,1.3478260869565217
205,Q1 2022,Katsina,13,76,37,18,0,0,0,10,8,2022,113,2.8461538461538463,1.3846153846153846
206,Q1 2022,Kebbi,57,229,22,59,0,0,0,57,2,2022,251,0.38596491228070173,1.0350877192982457
207,Q1 2022,Kogi,142,474,95,222,0,0,1,132,89,2022,569,0.6690140845070423,1.5633802816901408
208,Q1 2022,Kwara,94,315,86,146,0,0,0,109,37,2022,401,0.9148936170212766,1.553191489361702
209,Q1 2022,Lagos,198,276,48,198,3,0,6,88,101,2022,324,0.24242424242424243,1.0
210,Q1 2022,Nasarawa,247,556,70,332,0,0,0,183,149,2022,626,0.2834008097165992,1.3441295546558705
211,Q1 2022,Niger,146,754,155,197,0,0,21,124,52,2022,909,1.0616438356164384,1.3493150684931507
212,Q1 2022,Ogun,268,656,126,344,2,0,0,260,82,2022,782,0.4701492537313433,1.2835820895522387
213,Q1 2022,Ondo,127,355,54,157,0,0,0,95,62,2022,409,0.4251968503937008,1.236220472440945
214,Q1 2022,Osun,102,376,29,139,0,0,0,75,64,2022,405,0.28431372549019607,1.3627450980392157
215,Q1 2022,Oyo,173,540,73,205,0,0,4,124,77,2022,613,0.42196531791907516,1.1849710982658959
216,Q1 2022,Plateau,73,270,36,76,1,0,0,26,49,2022,306,0.4931506849315068,1.0410958904109588
217,Q1 2022,Rivers,29,58,7,38,0,0,0,20,18,2022,65,0.2413793103448276,1.3103448275862069
218,Q1 2022,Sokoto,27,103,13,33,0,0,0,19,14,2022,116,0.48148148148148145,1.2222222222222223
219,Q1 2022,Taraba,71,248,32,74,0,0,3,21,50,2022,280,0.4507042253521127,1.0422535211267605
220,Q1 2022,Yobe,26,133,63,38,0,0,0,21,17,2022,196,2.423076923076923,1.4615384615384615
221,Q1 2022,Zamfara,27,130,10,31,0,0,0,20,11,2022,140,0.37037037037037035,1.1481481481481481
222,Q2 2022,Abia,29,107,23,42,0,0,0,21,21,2022,130,0.7931034482758621,1.4482758620689655
223,Q2 2022,Adamawa,64,176,25,85,0,0,0,50,35,2022,201,0.390625,1.328125
224,Q2 2022,Akwa Ibom,28,63,12,31,0,0,0,17,14,2022,75,0.42857142857142855,1.1071428571428572
225,Q2 2022,Anambra,29,45,18,30,0,0,0,7,23,2022,63,0.6206896551724138,1.0344827586206897
226,Q2 2022,Bauchi,90,351,79,107,0,0,0,62,45,2022,430,0.8777777777777778,1.1888888888888889
227,Q2 2022,Bayelsa,15,25,4,23,0,0,0,21,2,2022,29,0.26666666666666666,1.5333333333333334
228,Q2 2022,Benue,84,273,51,90,1,0,0,51,38,2022,324,0.6071428571428571,1.0714285714285714
229,Q2 2022,Borno,13,57,7,12,0,0,0,6,6,2022,64,0.5384615384615384,0.9230769230769231
230,Q2 2022,Cross River,29,60,18,36,0,0,0,20,16,2022,78,0.6206896551724138,1.2413793103448276
231,Q2 2022,Delta,66,173,32,96,1,0,2,35,58,2022,205,0.48484848484848486,1.4545454545454546
232,Q2 2022,Ebonyi,25,76,10,26,0,0,0,11,15,2022,86,0.4,1.04
233,Q2 2022,Edo,58,207,36,90,0,0,0,55,35,2022,243,0.6206896551724138,1.5517241379310345
234,Q2 2022,Ekiti,31,58,13,61,1,0,0,54,6,2022,71,0.41935483870967744,1.967741935483871
235,Q2 2022,Enugu,70,215,24,75,0,0,0,28,47,2022,239,0.34285714285714286,1.0714285714285714
236,Q2 2022,Fct,538,1028,111,842,1,0,2,425,414,2022,1139,0.20631970260223048,1.5650557620817844
237,Q2 2022,Gombe,81,199,35,94,0,0,0,43,51,2022,234,0.43209876543209874,1.1604938271604939
238,Q2 2022,Imo,20,46,9,26,0,0,0,6,20,2022,55,0.45,1.3
239,Q2 2022,Jigawa,88,333,46,147,0,1,1,99,46,2022,379,0.5227272727272727,1.6704545454545454
240,Q2 2022,Kaduna,181,717,177,181,0,0,6,99,76,2022,894,0.9779005524861878,1.0
241,Q2 2022,Kano,91,406,74,107,0,0,0,71,36,2022,480,0.8131868131868132,1.1758241758241759
242,Q2 2022,Katsina,26,131,22,28,0,0,0,21,7,2022,153,0.8461538461538461,1.0769230769230769
243,Q2 2022,Kebbi,39,138,13,39,0,0,0,33,6,2022,151,0.3333333333333333,1.0
244,Q2 2022,Kogi,139,395,81,233,1,0,2,131,99,2022,476,0.5827338129496403,1.6762589928057554
245,Q2 2022,Kwara,93,342,67,127,1,0,0,67,59,2022,409,0.7204301075268817,1.3655913978494623
246,Q2 2022,Lagos,148,209,32,149,4,1,0,87,57,2022,241,0.21621621621621623,1.0067567567567568
247,Q2 2022,Nasarawa,237,602,65,306,1,1,0,133,171,2022,667,0.2742616033755274,1.2911392405063291
248,Q2 2022,Niger,128,456,75,185,1,0,2,141,41,2022,531,0.5859375,1.4453125
249,Q2 2022,Ogun,239,595,90,344,2,0,0,243,99,2022,685,0.37656903765690375,1.4393305439330544
250,Q2 2022,Ondo,114,244,35,156,0,0,0,90,66,2022,279,0.30701754385964913,1.368421052631579
251,Q2 2022,Osun,78,245,20,116,0,0,0,61,55,2022,265,0.2564102564102564,1.4871794871794872
252,Q2 2022,Oyo,171,378,64,195,0,0,4,106,85,2022,442,0.3742690058479532,1.1403508771929824
253,Q2 2022,Plateau,62,184,39,75,0,0,1,26,48,2022,223,0.6290322580645161,1.2096774193548387
254,Q2 2022,Rivers,22,54,6,23,0,0,0,7,16,2022,60,0.2727272727272727,1.0454545454545454
255,Q2 2022,Sokoto,31,126,68,40,0,0,0,20,20,2022,194,2.193548387096774,1.2903225806451613
256,Q2 2022,Taraba,66,162,9,86,0,0,2,25,59,2022,171,0.13636363636363635,1.303030303030303
257,Q2 2022,Yobe,31,192,35,44,0,0,0,27,17,2022,227,1.1290322580645162,1.4193548387096775
258,Q2 2022,Zamfara,28,78,13,33,0,0,0,19,14,2022,91,0.4642857142857143,1.1785714285714286
259,Q3 2022,Abia,24,101,9,2,0,0,0,22,-20,2022,110,0.375,0.08333333333333333
260,Q3 2022,Adamawa,32,72,3,0,0,0,0,21,-21,2022,75,0.09375,0.0
261,Q3 2022,Akwa Ibom,22,55,9,0,0,0,0,20,-20,2022,64,0.4090909090909091,0.0
262,Q3 2022,Anambra,42,103,20,3,1,0,0,19,-17,2022,123,0.47619047619047616,0.07142857142857142
263,Q3 2022,Bauchi,129,436,94,8,0,0,1,98,-91,2022,530,0.7286821705426356,0.06201550387596899
264,Q3 2022,Bayelsa,12,16,1,0,0,0,0,15,-15,2022,17,0.08333333333333333,0.0
265,Q3 2022,Benue,70,227,16,4,0,0,0,49,-45,2022,243,0.22857142857142856,0.05714285714285714
266,Q3 2022,Borno,25,154,22,1,0,0,0,10,-9,2022,176,0.88,0.04
267,Q3 2022,Cross River,28,48,17,0,0,0,0,26,-26,2022,65,0.6071428571428571,0.0
268,Q3 2022,Delta,44,137,25,5,0,0,2,13,-10,2022,162,0.5681818181818182,0.11363636363636363
269,Q3 2022,Ebonyi,54,85,17,9,0,0,0,34,-25,2022,102,0.3148148148148148,0.16666666666666666
270,Q3 2022,Edo,60,133,28,5,0,0,1,44,-40,2022,161,0.4666666666666667,0.08333333333333333
271,Q3 2022,Ekiti,20,46,16,0,1,0,0,38,-39,2022,62,0.8,0.0
272,Q3 2022,Enugu,48,177,18,6,0,0,0,17,-11,2022,195,0.375,0.125
273,Q3 2022,Fct,464,784,109,23,0,0,2,369,-348,2022,893,0.2349137931034483,0.04956896551724138
274,Q3 2022,Gombe,58,165,9,3,0,0,0,19,-16,2022,174,0.15517241379310345,0.05172413793103448
275,Q3 2022,Imo,17,45,4,4,0,0,0,3,1,2022,49,0.23529411764705882,0.23529411764705882
276,Q3 2022,Jigawa,147,503,46,3,0,0,1,201,-199,2022,549,0.3129251700680272,0.02040816326530612
277,Q3 2022,Kaduna,192,744,164,4,2,0,3,119,-120,2022,908,0.8541666666666666,0.020833333333333332
278,Q3 2022,Kano,104,330,57,3,0,0,0,96,-93,2022,387,0.5480769230769231,0.028846153846153848
279,Q3 2022,Katsina,54,221,77,2,0,0,0,43,-41,2022,298,1.4259259259259258,0.037037037037037035
280,Q3 2022,Kebbi,52,154,39,0,0,0,0,45,-45,2022,193,0.75,0.0
281,Q3 2022,Kogi,110,305,36,5,0,0,5,99,-99,2022,341,0.32727272727272727,0.045454545454545456
282,Q3 2022,Kwara,80,267,30,1,0,0,0,96,-95,2022,297,0.375,0.0125
283,Q3 2022,Lagos,146,201,57,18,3,0,0,79,-64,2022,258,0.3904109589041096,0.1232876712328767
284,Q3 2022,Nasarawa,241,626,78,37,1,0,0,129,-93,2022,704,0.3236514522821577,0.15352697095435686
285,Q3 2022,Niger,124,308,41,7,0,0,9,120,-122,2022,349,0.33064516129032256,0.056451612903225805
286,Q3 2022,Ogun,306,718,102,27,1,0,0,313,-287,2022,820,0.3333333333333333,0.08823529411764706
287,Q3 2022,Ondo,139,356,59,1,0,0,1,103,-103,2022,415,0.4244604316546763,0.007194244604316547
288,Q3 2022,Osun,95,327,30,1,0,0,0,78,-77,2022,357,0.3157894736842105,0.010526315789473684
289,Q3 2022,Oyo,166,514,84,1,0,0,2,105,-106,2022,598,0.5060240963855421,0.006024096385542169
290,Q3 2022,Plateau,80,227,32,6,1,0,2,38,-35,2022,259,0.4,0.075
291,Q3 2022,Rivers,21,42,9,0,0,0,0,8,-8,2022,51,0.42857142857142855,0.0
292,Q3 2022,Sokoto,48,146,38,4,0,0,2,31,-29,2022,184,0.7916666666666666,0.08333333333333333
293,Q3 2022,Taraba,81,217,8,6,0,0,0,18,-12,2022,225,0.09876543209876543,0.07407407407407407
294,Q3 2022,Yobe,48,191,60,21,0,0,0,26,-5,2022,251,1.25,0.4375
295,Q3 2022,Zamfara,29,77,12,1,0,0,0,22,-21,2022,89,0.41379310344827586,0.034482758620689655
296,Q4 2022,Abia,33,89,7,35,12,0,0,0,23,2022,96,0.21212121212121213,1.0606060606060606
297,Q4 2022,Adamawa,34,117,17,34,22,0,0,0,12,2022,134,0.5,1.0
298,Q4 2022,Akwa Ibom,23,75,15,23,16,0,0,0,7,2022,90,0.6521739130434783,1.0
299,Q4 2022,Anambra,40,121,14,48,21,0,0,0,27,2022,135,0.35,1.2
300,Q4 2022,Bauchi,122,523,93,161,72,0,0,1,88,2022,616,0.7622950819672131,1.319672131147541
301,Q4 2022,Bayelsa,8,17,1,9,4,0,0,0,5,2022,18,0.125,1.125
302,Q4 2022,Benue,73,225,24,77,52,1,0,0,24,2022,249,0.3287671232876712,1.0547945205479452
303,Q4 2022,Borno,39,207,66,47,5,0,0,0,42,2022,273,1.6923076923076923,1.205128205128205
304,Q4 2022,Cross River,39,81,21,51,27,0,0,0,24,2022,102,0.5384615384615384,1.3076923076923077
305,Q4 2022,Delta,48,174,30,56,27,0,0,0,29,2022,204,0.625,1.1666666666666667
306,Q4 2022,Ebonyi,55,118,19,61,16,0,0,0,45,2022,137,0.34545454545454546,1.1090909090909091
307,Q4 2022,Edo,63,142,23,98,10,1,0,0,87,2022,165,0.36507936507936506,1.5555555555555556
308,Q4 2022,Ekiti,19,40,9,30,11,0,0,0,19,2022,49,0.47368421052631576,1.5789473684210527
309,Q4 2022,Enugu,56,157,19,73,33,1,0,0,39,2022,176,0.3392857142857143,1.3035714285714286
310,Q4 2022,Fct,482,791,127,864,120,0,0,158,586,2022,918,0.26348547717842324,1.7925311203319503
311,Q4 2022,Gombe,115,363,47,136,33,0,0,0,103,2022,410,0.40869565217391307,1.182608695652174
312,Q4 2022,Imo,31,97,21,26,6,0,0,0,20,2022,118,0.6774193548387096,0.8387096774193549
313,Q4 2022,Jigawa,179,624,44,311,128,0,0,1,182,2022,668,0.24581005586592178,1.7374301675977655
314,Q4 2022,Kaduna,205,810,142,203,133,0,0,10,60,2022,952,0.6926829268292682,0.9902439024390244
315,Q4 2022,Kano,120,411,94,147,66,0,0,0,81,2022,505,0.7833333333333333,1.225
316,Q4 2022,Katsina,36,169,32,44,21,0,0,0,23,2022,201,0.8888888888888888,1.2222222222222223
317,Q4 2022,Kebbi,44,186,43,45,13,0,0,0,32,2022,229,0.9772727272727273,1.0227272727272727
318,Q4 2022,Kogi,138,413,81,181,82,0,0,0,99,2022,494,0.5869565217391305,1.3115942028985508
319,Q4 2022,Kwara,91,252,54,142,49,0,0,0,93,2022,306,0.5934065934065934,1.5604395604395604
320,Q4 2022,Lagos,167,268,42,155,92,0,0,0,63,2022,310,0.25149700598802394,0.9281437125748503
321,Q4 2022,Nasarawa,234,580,57,288,105,0,0,0,183,2022,637,0.24358974358974358,1.2307692307692308
322,Q4 2022,Niger,145,553,96,195,90,2,0,7,96,2022,649,0.6620689655172414,1.3448275862068966
323,Q4 2022,Ogun,301,663,77,478,183,1,0,0,294,2022,740,0.2558139534883721,1.5880398671096345
324,Q4 2022,Ondo,109,247,33,133,81,0,0,1,51,2022,280,0.30275229357798167,1.2201834862385321
325,Q4 2022,Osun,101,319,39,126,64,0,2,0,60,2022,358,0.38613861386138615,1.2475247524752475
326,Q4 2022,Oyo,165,423,84,209,115,0,0,2,92,2022,507,0.509090909090909,1.2666666666666666
327,Q4 2022,Plateau,84,254,29,84,27,0,0,0,57,2022,283,0.34523809523809523,1.0
328,Q4 2022,Rivers,26,43,16,29,6,0,0,0,23,2022,59,0.6153846153846154,1.1153846153846154
329,Q4 2022,Sokoto,37,148,26,50,19,2,0,0,29,2022,174,0.7027027027027027,1.3513513513513513
330,Q4 2022,Taraba,68,192,8,83,4,0,0,0,79,2022,200,0.11764705882352941,1.2205882352941178
331,Q4 2022,Yobe,57,237,35,68,25,0,0,0,43,2022,272,0.6140350877192983,1.1929824561403508
332,Q4 2022,Zamfara,30,103,23,35,13,0,0,0,22,2022,126,0.7666666666666667,1.1666666666666667
333,Q1 2023,Abia,12,45,16,14,7,0,0,0,7,2023,61,1.3333333333333333,1.1666666666666667
334,Q1 2023,Adamawa,53,152,20,56,35,0,0,0,21,2023,172,0.37735849056603776,1.0566037735849056
335,Q1 2023,Akwa Ibom,9,16,3,11,4,0,0,0,7,2023,19,0.3333333333333333,1.2222222222222223
336,Q1 2023,Anambra,15,76,3,19,8,0,0,0,11,2023,79,0.2,1.2666666666666666
337,Q1 2023,Bauchi,110,473,139,155,79,0,0,0,76,2023,612,1.2636363636363637,1.4090909090909092
338,Q1 2023,Bayelsa,6,11,1,10,8,0,0,0,2,2023,12,0.16666666666666666,1.6666666666666667
339,Q1 2023,Benue,37,84,4,37,19,0,0,0,18,2023,88,0.10810810810810811,1.0
340,Q1 2023,Borno,26,76,9,26,6,0,0,0,20,2023,85,0.34615384615384615,1.0
341,Q1 2023,Cross River,12,35,7,15,12,0,0,0,3,2023,42,0.5833333333333334,1.25
342,Q1 2023,Delta,22,87,34,34,15,0,0,0,19,2023,121,1.5454545454545454,1.5454545454545454
343,Q1 2023,Ebonyi,49,131,14,53,28,1,0,0,24,2023,145,0.2857142857142857,1.0816326530612246
344,Q1 2023,Edo,55,183,41,94,25,0,0,0,69,2023,224,0.7454545454545455,1.709090909090909
345,Q1 2023,Ekiti,22,48,2,50,39,1,0,0,10,2023,50,0.09090909090909091,2.272727272727273
346,Q1 2023,Enugu,37,99,21,48,28,0,0,0,20,2023,120,0.5675675675675675,1.2972972972972974
347,Q1 2023,Fct,382,667,100,616,300,0,2,6,308,2023,767,0.2617801047120419,1.612565445026178
348,Q1 2023,Gombe,61,240,26,87,47,0,0,0,40,2023,266,0.4262295081967213,1.4262295081967213
349,Q1 2023,Imo,18,58,11,14,8,0,0,0,6,2023,69,0.6111111111111112,0.7777777777777778
350,Q1 2023,Jigawa,129,400,26,226,185,0,0,0,41,2023,426,0.20155038759689922,1.751937984496124
351,Q1 2023,Kaduna,203,782,139,195,109,0,0,8,78,2023,921,0.6847290640394089,0.9605911330049262
352,Q1 2023,Kano,66,309,69,78,53,0,0,0,25,2023,378,1.0454545454545454,1.1818181818181819
353,Q1 2023,Katsina,23,143,29,25,18,0,0,0,7,2023,172,1.2608695652173914,1.0869565217391304
354,Q1 2023,Kebbi,27,128,62,31,25,0,0,0,6,2023,190,2.2962962962962963,1.1481481481481481
355,Q1 2023,Kogi,97,313,64,131,73,0,0,1,57,2023,377,0.6597938144329897,1.3505154639175259
356,Q1 2023,Kwara,91,328,54,139,88,1,0,0,50,2023,382,0.5934065934065934,1.5274725274725274
357,Q1 2023,Lagos,113,230,40,113,66,0,0,1,46,2023,270,0.35398230088495575,1.0
358,Q1 2023,Nasarawa,143,315,23,183,73,0,0,0,110,2023,338,0.16083916083916083,1.2797202797202798
359,Q1 2023,Niger,123,407,94,161,103,0,1,3,54,2023,501,0.7642276422764228,1.3089430894308942
360,Q1 2023,Ogun,269,707,113,457,320,1,0,6,130,2023,820,0.4200743494423792,1.6988847583643123
361,Q1 2023,Ondo,99,239,43,112,70,0,0,1,41,2023,282,0.43434343434343436,1.1313131313131313
362,Q1 2023,Osun,69,255,13,83,53,0,0,0,30,2023,268,0.18840579710144928,1.2028985507246377
363,Q1 2023,Oyo,106,247,53,136,84,0,0,1,51,2023,300,0.5,1.2830188679245282
364,Q1 2023,Plateau,100,420,55,120,42,0,0,0,78,2023,475,0.55,1.2
365,Q1 2023,Rivers,18,37,9,21,16,1,0,0,4,2023,46,0.5,1.1666666666666667
366,Q1 2023,Sokoto,18,69,40,23,14,0,0,0,9,2023,109,2.2222222222222223,1.2777777777777777
367,Q1 2023,Taraba,55,201,24,56,9,0,0,0,47,2023,225,0.43636363636363634,1.018181818181818
368,Q1 2023,Yobe,38,215,26,57,36,0,0,0,21,2023,241,0.6842105263157895,1.5
369,Q1 2023,Zamfara,20,113,14,24,14,0,0,0,10,2023,127,0.7,1.2
370,Q2 2023,Abia,12,22,3,11,2,0,0,0,9,2023,25,0.25,0.9166666666666666
371,Q2 2023,Adamawa,57,175,5,61,39,0,0,0,22,2023,180,0.08771929824561403,1.0701754385964912
372,Q2 2023,Akwa Ibom,17,32,6,19,12,0,0,0,7,2023,38,0.35294117647058826,1.1176470588235294
373,Q2 2023,Anambra,34,60,12,34,11,0,0,1,22,2023,72,0.35294117647058826,1.0
374,Q2 2023,Bauchi,100,399,84,133,80,0,0,0,53,2023,483,0.84,1.33
375,Q2 2023,Bayelsa,7,30,8,9,3,0,0,0,6,2023,38,1.1428571428571428,1.2857142857142858
376,Q2 2023,Benue,57,156,29,57,47,0,0,0,10,2023,185,0.5087719298245614,1.0
377,Q2 2023,Borno,54,164,13,55,20,0,0,0,35,2023,177,0.24074074074074073,1.0185185185185186
378,Q2 2023,Cross River,27,85,22,32,25,0,0,0,7,2023,107,0.8148148148148148,1.1851851851851851
379,Q2 2023,Delta,28,84,17,40,14,1,0,0,25,2023,101,0.6071428571428571,1.4285714285714286
380,Q2 2023,Ebonyi,48,97,43,53,35,0,0,0,18,2023,140,0.8958333333333334,1.1041666666666667
381,Q2 2023,Edo,71,222,50,97,35,0,0,0,62,2023,272,0.704225352112676,1.3661971830985915
382,Q2 2023,Ekiti,28,51,9,51,38,0,0,0,13,2023,60,0.32142857142857145,1.8214285714285714
383,Q2 2023,Enugu,44,129,40,68,26,0,0,0,42,2023,169,0.9090909090909091,1.5454545454545454
384,Q2 2023,Fct,320,653,65,502,285,1,2,0,214,2023,718,0.203125,1.56875
385,Q2 2023,Gombe,60,220,30,70,40,0,0,0,30,2023,250,0.5,1.1666666666666667
386,Q2 2023,Imo,20,37,8,25,16,0,0,0,9,2023,45,0.4,1.25
387,Q2 2023,Jigawa,107,291,53,194,136,0,0,0,58,2023,344,0.4953271028037383,1.8130841121495327
388,Q2 2023,Kaduna,190,755,119,218,125,1,0,7,85,2023,874,0.6263157894736842,1.1473684210526316
389,Q2 2023,Kano,87,272,46,115,54,0,0,1,60,2023,318,0.5287356321839081,1.3218390804597702
390,Q2 2023,Katsina,37,131,34,47,31,0,0,0,16,2023,165,0.918918918918919,1.2702702702702702
391,Q2 2023,Kebbi,37,89,24,32,26,0,0,0,6,2023,113,0.6486486486486487,0.8648648648648649
392,Q2 2023,Kogi,107,360,57,118,64,0,0,0,54,2023,417,0.5327102803738317,1.102803738317757
393,Q2 2023,Kwara,77,288,37,127,95,0,0,0,32,2023,325,0.4805194805194805,1.6493506493506493
394,Q2 2023,Lagos,138,209,52,138,77,4,0,0,57,2023,261,0.37681159420289856,1.0
395,Q2 2023,Nasarawa,208,532,55,274,140,0,0,0,134,2023,587,0.2644230769230769,1.3173076923076923
396,Q2 2023,Niger,150,499,78,177,128,1,1,2,45,2023,577,0.52,1.18
397,Q2 2023,Ogun,283,621,97,502,340,0,0,2,160,2023,718,0.34275618374558303,1.773851590106007
398,Q2 2023,Ondo,113,278,39,129,83,0,1,1,44,2023,317,0.34513274336283184,1.1415929203539823
399,Q2 2023,Osun,89,230,54,95,56,0,0,0,39,2023,284,0.6067415730337079,1.0674157303370786
400,Q2 2023,Oyo,144,370,94,155,87,0,1,0,67,2023,464,0.6527777777777778,1.0763888888888888
401,Q2 2023,Plateau,61,194,33,71,25,0,0,1,45,2023,227,0.5409836065573771,1.1639344262295082
402,Q2 2023,Rivers,22,34,11,31,18,0,0,0,13,2023,45,0.5,1.4090909090909092
403,Q2 2023,Sokoto,17,58,8,30,13,0,0,0,17,2023,66,0.47058823529411764,1.7647058823529411
404,Q2 2023,Taraba,47,99,10,63,22,0,0,0,41,2023,109,0.2127659574468085,1.3404255319148937
405,Q2 2023,Yobe,50,305,32,64,36,0,0,0,28,2023,337,0.64,1.28
406,Q2 2023,Zamfara,19,146,32,23,14,0,0,0,9,2023,178,1.6842105263157894,1.2105263157894737
407,Q3 2023,Abia,15,42,11,18,5,0,0,0,13,2023,53,0.7333333333333333,1.2
408,Q3 2023,Adamawa,32,89,6,33,21,0,0,0,12,2023,95,0.1875,1.03125
409,Q3 2023,Akwa Ibom,8,14,3,10,9,0,0,0,1,2023,17,0.375,1.25
410,Q3 2023,Anambra,34,90,19,42,14,0,0,0,28,2023,109,0.5588235294117647,1.2352941176470589
411,Q3 2023,Bauchi,51,159,16,57,36,0,0,0,21,2023,175,0.3137254901960784,1.1176470588235294
412,Q3 2023,Bayelsa,5,2,0,7,6,0,0,0,1,2023,2,0.0,1.4
413,Q3 2023,Benue,55,176,13,57,44,0,0,0,13,2023,189,0.23636363636363636,1.0363636363636364
414,Q3 2023,Borno,28,93,17,26,8,0,0,0,18,2023,110,0.6071428571428571,0.9285714285714286
415,Q3 2023,Cross River,18,25,12,21,10,0,0,0,11,2023,37,0.6666666666666666,1.1666666666666667
416,Q3 2023,Delta,30,63,15,42,17,0,0,0,25,2023,78,0.5,1.4
417,Q3 2023,Ebonyi,19,39,10,18,12,0,0,0,6,2023,49,0.5263157894736842,0.9473684210526315
418,Q3 2023,Edo,33,79,16,61,40,0,0,0,21,2023,95,0.48484848484848486,1.8484848484848484
419,Q3 2023,Ekiti,29,53,23,50,28,1,0,0,21,2023,76,0.7931034482758621,1.7241379310344827
420,Q3 2023,Enugu,32,96,31,36,18,0,0,0,18,2023,127,0.96875,1.125
421,Q3 2023,Fct,349,607,82,511,278,2,1,1,229,2023,689,0.2349570200573066,1.4641833810888252
422,Q3 2023,Gombe,40,140,11,40,17,0,0,0,23,2023,151,0.275,1.0
423,Q3 2023,Imo,20,107,10,20,9,0,0,0,11,2023,117,0.5,1.0
424,Q3 2023,Jigawa,64,217,21,120,89,0,1,0,30,2023,238,0.328125,1.875
425,Q3 2023,Kaduna,117,481,82,115,71,0,0,4,40,2023,563,0.7008547008547008,0.9829059829059829
426,Q3 2023,Kano,43,132,24,52,25,0,0,0,27,2023,156,0.5581395348837209,1.2093023255813953
427,Q3 2023,Katsina,18,78,13,33,17,0,1,0,15,2023,91,0.7222222222222222,1.8333333333333333
428,Q3 2023,Kebbi,10,14,0,10,10,0,0,0,0,2023,14,0.0,1.0
429,Q3 2023,Kogi,96,355,52,112,21,0,0,0,91,2023,407,0.5416666666666666,1.1666666666666667
430,Q3 2023,Kwara,73,222,51,110,30,0,0,0,80,2023,273,0.6986301369863014,1.5068493150684932
431,Q3 2023,Lagos,106,164,34,110,56,1,0,0,53,2023,198,0.32075471698113206,1.0377358490566038
432,Q3 2023,Nasarawa,162,411,37,220,113,1,1,0,105,2023,448,0.22839506172839505,1.3580246913580247
433,Q3 2023,Niger,101,382,56,138,98,1,0,2,37,2023,438,0.5544554455445545,1.3663366336633664
434,Q3 2023,Ogun,212,584,82,396,262,0,0,0,134,2023,666,0.3867924528301887,1.8679245283018868
435,Q3 2023,Ondo,68,161,44,102,68,0,0,4,30,2023,205,0.6470588235294118,1.5
436,Q3 2023,Osun,67,239,41,95,59,0,0,0,36,2023,280,0.6119402985074627,1.4179104477611941
437,Q3 2023,Oyo,118,332,45,160,106,0,0,0,54,2023,377,0.3813559322033898,1.3559322033898304
438,Q3 2023,Plateau,44,100,4,50,32,0,0,0,18,2023,104,0.09090909090909091,1.1363636363636365
439,Q3 2023,Rivers,13,49,3,21,11,0,0,0,10,2023,52,0.23076923076923078,1.6153846153846154
440,Q3 2023,Sokoto,15,36,11,24,14,0,0,0,10,2023,47,0.7333333333333333,1.6
441,Q3 2023,Taraba,24,79,0,28,8,0,0,0,20,2023,79,0.0,1.1666666666666667
442,Q3 2023,Yobe,28,93,12,33,11,0,0,0,22,2023,105,0.42857142857142855,1.1785714285714286
443,Q3 2023,Zamfara,10,38,1,13,8,0,0,0,5,2023,39,0.1,1.3
444,Q4 2023,Abia,26,159,14,31,13,1,0,0,17,2023,173,0.5384615384615384,1.1923076923076923
445,Q4 2023,Adamawa,42,153,11,57,34,0,0,0,23,2023,164,0.2619047619047619,1.3571428571428572
446,Q4 2023,Akwa Ibom,12,24,15,15,8,0,1,0,6,2023,39,1.25,1.25
447,Q4 2023,Anambra,32,71,9,36,11,0,0,0,25,2023,80,0.28125,1.125
448,Q4 2023,Bauchi,83,361,46,136,55,0,0,2,79,2023,407,0.5542168674698795,1.6385542168674698
449,Q4 2023,Bayelsa,3,14,0,4,0,0,0,0,4,2023,14,0.0,1.3333333333333333
450,Q4 2023,Benue,42,114,23,42,27,0,0,0,15,2023,137,0.5476190476190477,1.0
451,Q4 2023,Borno,19,210,5,32,4,0,0,0,28,2023,215,0.2631578947368421,1.6842105263157894
452,Q4 2023,Cross River,26,42,16,28,15,0,0,0,13,2023,58,0.6153846153846154,1.0769230769230769
453,Q4 2023,Delta,38,123,29,41,20,0,0,1,20,2023,152,0.7631578947368421,1.0789473684210527
454,Q4 2023,Ebonyi,25,72,11,28,15,0,0,0,13,2023,83,0.44,1.12
455,Q4 2023,Edo,46,102,16,67,38,0,0,0,29,2023,118,0.34782608695652173,1.4565217391304348
456,Q4 2023,Ekiti,24,37,2,42,30,1,0,0,11,2023,39,0.08333333333333333,1.75
457,Q4 2023,Enugu,42,193,16,52,31,0,0,0,21,2023,209,0.38095238095238093,1.2380952380952381
458,Q4 2023,Fct,296,548,69,382,258,0,0,1,123,2023,617,0.23310810810810811,1.2905405405405406
459,Q4 2023,Gombe,118,464,29,100,57,0,0,0,43,2023,493,0.2457627118644068,0.847457627118644
460,Q4 2023,Imo,29,72,24,33,17,3,1,0,12,2023,96,0.8275862068965517,1.1379310344827587
461,Q4 2023,Jigawa,114,460,36,211,160,0,0,3,48,2023,496,0.3157894736842105,1.8508771929824561
462,Q4 2023,Kaduna,209,889,150,218,118,1,0,9,90,2023,1039,0.7177033492822966,1.0430622009569377
463,Q4 2023,Kano,59,265,62,77,54,0,0,0,23,2023,327,1.0508474576271187,1.305084745762712
464,Q4 2023,Katsina,40,207,45,49,30,0,0,0,19,2023,252,1.125,1.225
465,Q4 2023,Kebbi,50,219,40,52,46,0,0,0,6,2023,259,0.8,1.04
466,Q4 2023,Kogi,107,355,65,128,67,0,0,0,61,2023,420,0.6074766355140186,1.1962616822429906
467,Q4 2023,Kwara,75,316,57,110,47,0,0,2,61,2023,373,0.76,1.4666666666666666
468,Q4 2023,Lagos,101,127,17,102,65,0,0,1,36,2023,144,0.16831683168316833,1.00990099009901
469,Q4 2023,Nasarawa,212,555,32,268,148,2,2,0,116,2023,587,0.1509433962264151,1.2641509433962264
470,Q4 2023,Niger,99,649,97,134,108,0,0,2,24,2023,746,0.9797979797979798,1.3535353535353536
471,Q4 2023,Ogun,202,521,102,380,265,0,0,0,115,2023,623,0.504950495049505,1.881188118811881
472,Q4 2023,Ondo,100,264,54,135,81,0,1,3,50,2023,318,0.54,1.35
473,Q4 2023,Osun,96,287,47,146,84,0,4,2,56,2023,334,0.4895833333333333,1.5208333333333333
474,Q4 2023,Oyo,127,372,78,194,122,0,0,3,69,2023,450,0.6141732283464567,1.5275590551181102
475,Q4 2023,Plateau,74,244,28,78,39,0,0,2,37,2023,272,0.3783783783783784,1.054054054054054
476,Q4 2023,Rivers,16,28,3,17,10,0,0,0,7,2023,31,0.1875,1.0625
477,Q4 2023,Sokoto,25,110,13,26,12,0,0,0,14,2023,123,0.52,1.04
478,Q4 2023,Taraba,43,113,13,41,13,0,0,0,28,2023,126,0.3023255813953488,0.9534883720930233
479,Q4 2023,Yobe,50,340,31,72,26,0,0,0,46,2023,371,0.62,1.44
480,Q4 2023,Zamfara,15,36,18,21,17,0,0,0,4,2023,54,1.2,1.4
481,Q1 2024,Abia,19,45,5,17,6,0,0,0,11,2024,50,0.2631578947368421,0.8947368421052632
482,Q1 2024,Adamawa,29,163,27,42,29,0,0,0,13,2024,190,0.9310344827586207,1.4482758620689655
483,Q1 2024,Akwa Ibom,10,23,5,13,5,0,0,0,8,2024,28,0.5,1.3
484,Q1 2024,Anambra,31,73,13,36,17,0,0,2,17,2024,86,0.41935483870967744,1.1612903225806452
485,Q1 2024,Bauchi,99,442,45,124,67,0,0,1,56,2024,487,0.45454545454545453,1.2525252525252526
486,Q1 2024,Bayelsa,13,26,5,21,13,0,0,0,8,2024,31,0.38461538461538464,1.6153846153846154
487,Q1 2024,Benue,83,317,49,101,62,2,0,0,37,2024,366,0.5903614457831325,1.216867469879518
488,Q1 2024,Borno,26,173,3,42,19,0,0,0,23,2024,176,0.11538461538461539,1.6153846153846154
489,Q1 2024,Cross River,32,112,15,38,25,0,0,0,13,2024,127,0.46875,1.1875
490,Q1 2024,Delta,31,76,18,44,26,0,0,0,18,2024,94,0.5806451612903226,1.4193548387096775
491,Q1 2024,Ebonyi,43,60,19,35,22,0,0,0,13,2024,79,0.4418604651162791,0.813953488372093
492,Q1 2024,Edo,61,159,39,73,46,0,0,2,25,2024,198,0.639344262295082,1.1967213114754098
493,Q1 2024,Ekiti,24,55,9,33,27,2,0,0,4,2024,64,0.375,1.375
494,Q1 2024,Enugu,44,164,24,50,39,0,0,0,11,2024,188,0.5454545454545454,1.1363636363636365
495,Q1 2024,Fct,273,504,62,368,280,0,0,2,86,2024,566,0.2271062271062271,1.347985347985348
496,Q1 2024,Gombe,88,349,44,88,46,0,0,0,42,2024,393,0.5,1.0
497,Q1 2024,Imo,34,134,36,28,25,0,0,0,3,2024,170,1.0588235294117647,0.8235294117647058
498,Q1 2024,Jigawa,95,308,41,155,104,0,0,1,50,2024,349,0.43157894736842106,1.631578947368421
499,Q1 2024,Kaduna,180,828,171,181,96,1,0,6,78,2024,999,0.95,1.0055555555555555
500,Q1 2024,Kano,54,236,30,66,44,0,0,0,22,2024,266,0.5555555555555556,1.2222222222222223
501,Q1 2024,Katsina,35,133,38,50,33,0,0,0,17,2024,171,1.0857142857142856,1.4285714285714286
502,Q1 2024,Kebbi,33,250,41,34,29,0,0,0,5,2024,291,1.2424242424242424,1.0303030303030303
503,Q1 2024,Kogi,121,500,83,193,126,1,0,1,65,2024,583,0.6859504132231405,1.5950413223140496
504,Q1 2024,Kwara,74,300,70,109,63,0,0,0,46,2024,370,0.9459459459459459,1.472972972972973
505,Q1 2024,Lagos,113,165,18,111,71,1,0,0,39,2024,183,0.1592920353982301,0.9823008849557522
506,Q1 2024,Nasarawa,169,438,41,242,167,2,1,0,72,2024,479,0.24260355029585798,1.4319526627218935
507,Q1 2024,Niger,127,433,119,182,140,0,2,3,37,2024,552,0.937007874015748,1.4330708661417322
508,Q1 2024,Ogun,200,542,98,365,261,0,0,0,104,2024,640,0.49,1.825
509,Q1 2024,Ondo,84,245,35,146,80,0,0,1,65,2024,280,0.4166666666666667,1.7380952380952381
510,Q1 2024,Osun,100,376,96,123,71,0,0,1,51,2024,472,0.96,1.23
511,Q1 2024,Oyo,131,298,68,122,84,0,0,2,36,2024,366,0.5190839694656488,0.9312977099236641
512,Q1 2024,Plateau,77,185,15,98,48,1,0,0,49,2024,200,0.19480519480519481,1.2727272727272727
513,Q1 2024,Rivers,15,32,4,21,17,0,0,0,4,2024,36,0.26666666666666666,1.4
514,Q1 2024,Sokoto,24,122,41,52,41,0,0,0,11,2024,163,1.7083333333333333,2.1666666666666665
515,Q1 2024,Taraba,38,98,17,38,17,0,0,0,21,2024,115,0.4473684210526316,1.0
516,Q1 2024,Yobe,39,234,13,55,38,0,0,0,17,2024,247,0.3333333333333333,1.4102564102564104
517,Q1 2024,Zamfara,13,61,14,16,14,0,0,0,2,2024,75,1.0769230769230769,1.2307692307692308
